event_id,event_key,session_key,user_id,product_id,device_id,event_type,quantity,event_timestamp,created_at
316,380d310a-e8a3-47f7-8351-eecf52775463,89099ada-aa1f-4bff-9d58-6789a6778642,90439,8984,mobile,add_to_cart,3,2026-06-03 13:03:47,2026-06-03 13:03:47.995062
315,188858ac-ccde-4376-953f-53b750319829,89099ada-aa1f-4bff-9d58-6789a6778642,90439,8984,mobile,view_item,1,2026-06-03 13:03:47,2026-06-03 13:03:47.501357
314,b4e7919c-07aa-4541-820d-6820bca0e7fc,c8d7c0f3-3c30-400f-a836-fa6fd7d4c0e3,91748,5309,mobile,add_to_cart,2,2026-06-03 13:03:46,2026-06-03 13:03:46.996132
313,022d0a36-a5ab-4fe2-be14-4663bbe94267,c8d7c0f3-3c30-400f-a836-fa6fd7d4c0e3,91748,5309,mobile,view_item,1,2026-06-03 13:03:46,2026-06-03 13:03:46.500610
312,ad377bce-ab22-4a99-9ecc-4a6021d14d01,dc32fd4c-7265-4e40-938d-4497c4a818e9,69798,9579,tablet,view_item,1,2026-06-03 13:03:45,2026-06-03 13:03:45.998451
311,c6cdacd3-2cd4-45e9-8b48-b1e35582ff80,7bdd6a6d-e88e-4e0d-9397-e87aca775754,91051,3025,mobile,purchase,1,2026-06-03 13:03:45,2026-06-03 13:03:45.490821
310,8a79d7f3-cf0d-4eca-bac1-f04f5c435de2,7bdd6a6d-e88e-4e0d-9397-e87aca775754,91051,3025,mobile,add_to_cart,1,2026-06-03 13:03:44,2026-06-03 13:03:44.992977
309,425fceba-6919-419c-b851-8f3b25ec073e,13f6c76b-88a5-47ff-bac8-139227c90bd6,88798,5644,tablet,view_item,1,2026-06-03 13:03:44,2026-06-03 13:03:44.493947
308,db853a2a-89dc-4aa5-bcbb-dc9036c69567,54b070df-8eab-4e6e-87ce-b284977a47a6,79887,7772,tablet,add_to_cart,1,2026-06-03 13:03:43,2026-06-03 13:03:43.991184
307,485736da-da97-4c6b-8351-06402eec8d0b,7bdd6a6d-e88e-4e0d-9397-e87aca775754,91051,3025,mobile,view_item,1,2026-06-03 13:03:43,2026-06-03 13:03:43.493423
306,888c00aa-9a5d-486e-a00e-3fe910e1f1e0,54b070df-8eab-4e6e-87ce-b284977a47a6,79887,7772,tablet,view_item,1,2026-06-03 13:03:42,2026-06-03 13:03:42.991822
305,1b6be405-157a-4f7f-9d8c-194d82299802,4fcb680c-a3f7-4c27-a3c8-8ccd43620209,66325,7234,desktop,view_item,1,2026-06-03 13:03:42,2026-06-03 13:03:42.489552
304,67ae63fd-f973-4f38-94fa-88eb8e884034,a985e906-e837-4bb2-a9a4-434db9a4a2df,20758,3195,desktop,view_item,1,2026-06-03 13:03:41,2026-06-03 13:03:41.988763
303,f93f9edb-1def-4686-9420-fc58e3524843,55c8d49c-380a-4be7-af9c-fe0da7f2505e,15282,5116,tablet,view_item,1,2026-06-03 13:03:41,2026-06-03 13:03:41.490414
302,1cb77ec8-1daa-4050-b20c-c730ef2848d8,f6003cd9-eb97-4ca2-9521-d3805689ecd7,77115,8262,tablet,add_to_cart,1,2026-06-03 13:03:40,2026-06-03 13:03:40.987911
301,a0d582da-4b4b-48a1-a4bc-c04f8144bc2b,f6003cd9-eb97-4ca2-9521-d3805689ecd7,77115,8262,tablet,view_item,1,2026-06-03 13:03:40,2026-06-03 13:03:40.489602
300,1fe3d52d-d651-4530-9038-c5e6efe6c1a3,724674d3-fd44-435a-960c-dadac312648d,31072,4396,desktop,add_to_cart,1,2026-06-03 13:03:39,2026-06-03 13:03:39.982381
299,d78f3f82-94ad-4d9f-9f12-a0fe89cae0a7,84373f00-6294-4628-b895-1eb4f87ae090,55398,8760,tablet,add_to_cart,3,2026-06-03 13:03:39,2026-06-03 13:03:39.482589
298,1302e4c9-7813-4def-8eae-d074c0c77d1d,da0e3c4c-bed2-42d9-a440-2fd4666f897a,80744,3400,desktop,purchase,2,2026-06-03 13:03:38,2026-06-03 13:03:38.983858
297,bc0c7d04-a015-4b46-88b3-4fcf085e345d,4ff6c3c5-b7b0-4cc2-8fff-094c5da8a001,38051,3596,tablet,view_item,1,2026-06-03 13:03:38,2026-06-03 13:03:38.488332
296,bc2579fb-a21d-4d32-9f64-7e8f0bee7050,53561075-18c4-4505-bd15-5a22070ec3ea,93899,5581,tablet,add_to_cart,1,2026-06-03 13:03:37,2026-06-03 13:03:37.979035
295,6fb547b0-eebb-413a-878d-fff68696d527,eb37f90c-e2ef-4a4a-9baa-1a6c7e782c4a,84946,3737,mobile,view_item,1,2026-06-03 13:03:37,2026-06-03 13:03:37.479569
294,16d61b0b-adbd-476f-a2ce-6176ba62374d,1b877049-554a-45df-b27d-0620ff9a9f8f,68019,4177,mobile,add_to_cart,3,2026-06-03 13:03:36,2026-06-03 13:03:36.978378
293,7a44386b-f777-428b-85ec-14104f504ec4,d56e4dde-d61b-4193-9476-62018ddff52e,12806,5162,mobile,view_item,1,2026-06-03 13:03:36,2026-06-03 13:03:36.485578
292,b7188f7f-a173-40ed-8f00-a8b983924759,1b877049-554a-45df-b27d-0620ff9a9f8f,68019,4177,mobile,view_item,1,2026-06-03 13:03:35,2026-06-03 13:03:35.981700
291,3979dcef-2342-4899-bc04-7886f909c2a2,bd88657b-5a1e-42d8-9f2a-5409f45e8a7d,99552,7811,desktop,add_to_cart,3,2026-06-03 13:03:35,2026-06-03 13:03:35.473098
290,2c9ed3af-5185-4a7c-899f-3de6e4676704,8d28a4f7-49f8-4f1a-b989-389db8503a46,15827,2322,mobile,view_item,1,2026-06-03 13:03:34,2026-06-03 13:03:34.977932
289,70c03df4-2abe-41e1-a7a5-62921608b32b,bd88657b-5a1e-42d8-9f2a-5409f45e8a7d,99552,7811,desktop,view_item,1,2026-06-03 13:03:34,2026-06-03 13:03:34.473576
288,a1a5c4e8-d467-4285-9318-aba5bfa2b7ca,53561075-18c4-4505-bd15-5a22070ec3ea,93899,5581,tablet,view_item,1,2026-06-03 13:03:33,2026-06-03 13:03:33.977757
287,cc64fa9a-7a96-42ea-aeea-55d4358e5505,6c8955b2-387f-4429-8579-5fd9e43498ba,66178,1859,desktop,view_item,1,2026-06-03 13:03:33,2026-06-03 13:03:33.473453
286,9c041ba7-049b-4ee9-888a-d66e8f7e4571,84373f00-6294-4628-b895-1eb4f87ae090,55398,8760,tablet,view_item,1,2026-06-03 13:03:32,2026-06-03 13:03:32.974698
285,d674f968-4849-445c-9173-22a676f58aec,da0e3c4c-bed2-42d9-a440-2fd4666f897a,80744,3400,desktop,add_to_cart,2,2026-06-03 13:03:32,2026-06-03 13:03:32.468503
284,ec699e15-e05e-4ddd-8a48-e9c552108d54,328a56e9-4b2a-4ef3-9dad-530fa9927d95,43187,2596,desktop,purchase,2,2026-06-03 13:03:31,2026-06-03 13:03:31.967766
283,0a7ea724-73c1-40b5-b4ec-cfc451db20d1,cc8ca42e-688f-4d65-95bf-8334830c978a,39006,1917,tablet,view_item,1,2026-06-03 13:03:31,2026-06-03 13:03:31.472065
282,ae422d96-19ab-4d89-b6e2-9ccc8708e89b,ce6ed76b-8073-46a1-8eed-98bbafe5a835,78624,6909,tablet,view_item,1,2026-06-03 13:03:30,2026-06-03 13:03:30.969850
281,d2a70795-bda8-4412-82ee-8683c557f1b0,db548dea-2b60-4503-a721-6f4f2d9bd4be,44633,8834,mobile,view_item,1,2026-06-03 13:03:30,2026-06-03 13:03:30.472419
280,f34d5032-5866-42c1-b39e-bfe34c1d09d9,b2a2b4ed-7cc2-4042-a945-cb72577867d3,14120,1422,desktop,view_item,1,2026-06-03 13:03:29,2026-06-03 13:03:29.971860
279,9e1da556-4f3c-4a7a-bcd7-f92755e1c7b2,328a56e9-4b2a-4ef3-9dad-530fa9927d95,43187,2596,desktop,add_to_cart,2,2026-06-03 13:03:29,2026-06-03 13:03:29.463002
278,beb0ec2c-41fb-4c03-a304-795ca0f8cadb,43398fa7-2bc7-4abb-8d3f-6fdfc21c73cf,56866,7063,tablet,view_item,1,2026-06-03 13:03:28,2026-06-03 13:03:28.973809
277,40980487-e072-4a66-b560-204b68f2b116,311b42eb-1b1a-40cb-933f-fda82946f444,64041,7446,mobile,view_item,1,2026-06-03 13:03:28,2026-06-03 13:03:28.461652
276,a1807b0c-74d2-409c-9514-7d797282f444,df680947-2d13-4b57-a751-735077ef7733,42642,8684,desktop,add_to_cart,2,2026-06-03 13:03:27,2026-06-03 13:03:27.957189
275,cb481079-478f-4175-aef3-99e925450aa7,a89c88c5-52e9-412b-8e02-c375f23a0586,70113,1260,desktop,view_item,1,2026-06-03 13:03:27,2026-06-03 13:03:27.460484
274,11bce49e-4508-48ef-950d-fbe441059a60,df680947-2d13-4b57-a751-735077ef7733,42642,8684,desktop,view_item,1,2026-06-03 13:03:26,2026-06-03 13:03:26.954295
273,64e11e85-07d3-432c-9581-e66889b4e683,328a56e9-4b2a-4ef3-9dad-530fa9927d95,43187,2596,desktop,view_item,1,2026-06-03 13:03:26,2026-06-03 13:03:26.452186
272,8cf3bda5-b1a8-46d7-a511-3ce8bc67dd5b,7f84ce70-49d1-4c42-a2ea-b49bdcdf6785,21846,5350,desktop,purchase,1,2026-06-03 13:03:25,2026-06-03 13:03:25.950481
271,bd301178-9518-4d1e-8dad-cee3ba7da8c2,724674d3-fd44-435a-960c-dadac312648d,31072,4396,desktop,view_item,1,2026-06-03 13:03:25,2026-06-03 13:03:25.458007
270,d8731a5a-c854-4e23-9411-77cbd08c1147,7f84ce70-49d1-4c42-a2ea-b49bdcdf6785,21846,5350,desktop,add_to_cart,1,2026-06-03 13:03:24,2026-06-03 13:03:24.947906
269,bac12e94-c587-4f7c-bdab-bb84b904f292,7f84ce70-49d1-4c42-a2ea-b49bdcdf6785,21846,5350,desktop,view_item,1,2026-06-03 13:03:24,2026-06-03 13:03:24.449815
268,e68e8342-592d-4bab-834d-078cd2f4c59f,6413553f-46c5-4d3d-8675-b26fa7506082,95828,6584,desktop,add_to_cart,1,2026-06-03 13:03:23,2026-06-03 13:03:23.946197
267,4c63a2bf-163a-4a8e-9531-ae970f353c1b,d5cb2833-a0f3-44a8-b699-4a091c7d1ef4,41143,7630,tablet,add_to_cart,3,2026-06-03 13:03:23,2026-06-03 13:03:23.444521
266,e1d22df6-27e2-4f7c-8501-03cb452792f5,47ea215e-b924-4357-bd12-b1907b6b0713,20467,1720,tablet,view_item,1,2026-06-03 13:03:22,2026-06-03 13:03:22.946911
265,6e7f9181-1a7f-43aa-add0-59e513e2ec55,0899c9f8-ed10-4557-9a22-0b185199b2c2,64428,2280,tablet,purchase,3,2026-06-03 13:03:22,2026-06-03 13:03:22.443850
264,140a9650-3b01-4217-aeb1-e7b5f67a18c2,d5cb2833-a0f3-44a8-b699-4a091c7d1ef4,41143,7630,tablet,view_item,1,2026-06-03 13:03:21,2026-06-03 13:03:21.948392
263,c735c814-4aeb-4452-8443-84824e2340df,f87c1531-4325-41e4-aa4a-dfdaefedab3f,20194,2771,tablet,purchase,1,2026-06-03 13:03:21,2026-06-03 13:03:21.441270
262,3e1678d1-0e7d-4a72-a753-bff8434262c2,02ab46b4-1674-4753-ad50-970e6dd2b124,73138,3110,tablet,view_item,1,2026-06-03 13:03:20,2026-06-03 13:03:20.940482
261,ab3116db-89fb-4868-9527-8fbf606bb0fa,3972ea6d-9cc1-4912-a39d-9290e7d09ee5,79481,6039,mobile,view_item,1,2026-06-03 13:03:20,2026-06-03 13:03:20.446524
260,2a1854a0-fd94-4707-9dae-1230afcecbdb,0899c9f8-ed10-4557-9a22-0b185199b2c2,64428,2280,tablet,add_to_cart,3,2026-06-03 13:03:19,2026-06-03 13:03:19.939154
259,8c71060f-5831-46c0-bbf7-97e200247a52,f87c1531-4325-41e4-aa4a-dfdaefedab3f,20194,2771,tablet,add_to_cart,1,2026-06-03 13:03:19,2026-06-03 13:03:19.438235
258,2ae9431f-5826-4933-9fa1-993034f811bd,b824da02-2a9a-4df9-963d-23f1d4ad72fe,71669,4008,mobile,add_to_cart,2,2026-06-03 13:03:18,2026-06-03 13:03:18.935797
257,4a563dc0-8717-487f-a877-7ceb47936a9d,3349818a-0cb4-48ec-8024-f7a50baad3a5,26487,7455,tablet,view_item,1,2026-06-03 13:03:18,2026-06-03 13:03:18.441879
256,ea6d94d4-be24-4255-a7d9-a504030833d5,04f94cdd-db85-4f4f-923f-eab22102412b,12142,4885,mobile,add_to_cart,3,2026-06-03 13:03:17,2026-06-03 13:03:17.936718
255,f28eeeb3-f9dd-4e18-ab47-0bc95e485353,61a1ddec-8113-4122-8bcd-77e0e43d8dbc,73306,8797,desktop,add_to_cart,1,2026-06-03 13:03:17,2026-06-03 13:03:17.434443
254,f525f863-a772-4fc7-8ab1-56aefaba3891,491dec71-ee69-4069-a776-cfb878f584c8,26811,4802,tablet,purchase,1,2026-06-03 13:03:16,2026-06-03 13:03:16.934012
253,ccb31eec-2e33-4662-aa97-12f0dc230efe,7d888953-9d18-4431-b656-fa6636148145,56066,9343,desktop,purchase,3,2026-06-03 13:03:16,2026-06-03 13:03:16.432162
252,40093a84-0b5f-4042-9739-2ee63ec3edc6,681d9d5d-1fe5-4bca-b62f-b3198a2c006b,27412,1719,desktop,add_to_cart,2,2026-06-03 13:03:15,2026-06-03 13:03:15.932855
251,49657017-c029-450c-a44a-ee1a733daa85,681d9d5d-1fe5-4bca-b62f-b3198a2c006b,27412,1719,desktop,view_item,1,2026-06-03 13:03:15,2026-06-03 13:03:15.438883
250,6a346885-afe1-4151-a788-5fcf7cd5fa4f,603fea22-1b3a-4a04-95f6-10d41758c57a,78151,9285,desktop,add_to_cart,1,2026-06-03 13:03:14,2026-06-03 13:03:14.930519
249,287397a2-1b79-4712-addc-b12bea421bb9,61a1ddec-8113-4122-8bcd-77e0e43d8dbc,73306,8797,desktop,view_item,1,2026-06-03 13:03:14,2026-06-03 13:03:14.431285
248,3897e0ef-abbb-402e-a115-e0a211084416,30b1302f-6b6b-4d0d-9dcd-c30c916f4892,22632,4253,mobile,view_item,1,2026-06-03 13:03:13,2026-06-03 13:03:13.933555
247,5c6beb7d-1b12-40a5-abb1-58b5057b2720,491dec71-ee69-4069-a776-cfb878f584c8,26811,4802,tablet,add_to_cart,1,2026-06-03 13:03:13,2026-06-03 13:03:13.430191
246,b32bae9a-ef87-4ae4-9a9a-76916fbf8c40,b824da02-2a9a-4df9-963d-23f1d4ad72fe,71669,4008,mobile,view_item,1,2026-06-03 13:03:12,2026-06-03 13:03:12.931929
245,d8f08826-1407-4211-9078-6962027d6911,6413553f-46c5-4d3d-8675-b26fa7506082,95828,6584,desktop,view_item,1,2026-06-03 13:03:12,2026-06-03 13:03:12.431665
244,ff76fd3f-94dd-469c-9e64-89cdb71dd258,ed880cf5-6ae8-4414-8f16-a5c3801b9c0c,59945,1031,mobile,purchase,2,2026-06-03 13:03:11,2026-06-03 13:03:11.928129
243,f3492d5d-fade-483b-ad70-c05b57964462,04f94cdd-db85-4f4f-923f-eab22102412b,12142,4885,mobile,view_item,1,2026-06-03 13:03:11,2026-06-03 13:03:11.429830
242,ba38350c-87b6-4c8b-8361-28803e55cb20,380835e5-103e-48a3-844f-413849d29480,31262,2528,mobile,add_to_cart,1,2026-06-03 13:03:10,2026-06-03 13:03:10.929446
241,61585a19-4334-48d0-9fa5-ad94e744f271,380835e5-103e-48a3-844f-413849d29480,31262,2528,mobile,view_item,1,2026-06-03 13:03:10,2026-06-03 13:03:10.428446
240,70594ea6-084f-467a-a9f9-78b2d530150c,603fea22-1b3a-4a04-95f6-10d41758c57a,78151,9285,desktop,view_item,1,2026-06-03 13:03:09,2026-06-03 13:03:09.926785
239,c469c1f3-40b4-4fc1-bba7-fa71cf7935c8,80945d5f-c9bb-46f5-81ef-45b46f04ed56,36957,3311,tablet,view_item,1,2026-06-03 13:03:09,2026-06-03 13:03:09.428603
238,27ef8692-a853-456c-ae5d-e1cfb2699b6b,2c84b8c7-9893-4dde-b859-2f61da0e270e,38365,3223,mobile,add_to_cart,3,2026-06-03 13:03:08,2026-06-03 13:03:08.922164
237,ba7ed8c4-617b-46e6-a25c-a645a19a72a1,a65032bf-6eda-492d-abea-1b1d0a1a20b8,11356,9910,mobile,view_item,1,2026-06-03 13:03:08,2026-06-03 13:03:08.426328
236,4dd8a5e8-ce7e-4935-9302-75b9e425a523,da0e3c4c-bed2-42d9-a440-2fd4666f897a,80744,3400,desktop,view_item,1,2026-06-03 13:03:07,2026-06-03 13:03:07.929522
235,12491b79-e37b-459a-9938-419167e80dac,7d888953-9d18-4431-b656-fa6636148145,56066,9343,desktop,add_to_cart,3,2026-06-03 13:03:07,2026-06-03 13:03:07.418639
234,5195d9bb-062e-468f-98dd-c4a4162bfaf9,491dec71-ee69-4069-a776-cfb878f584c8,26811,4802,tablet,view_item,1,2026-06-03 13:03:06,2026-06-03 13:03:06.927096
233,899d63bb-e3b2-4a36-bc49-fb3cb19e3850,7d888953-9d18-4431-b656-fa6636148145,56066,9343,desktop,view_item,1,2026-06-03 13:03:06,2026-06-03 13:03:06.420248
232,aa42956b-e659-410d-a1b0-bb582119f48a,f87c1531-4325-41e4-aa4a-dfdaefedab3f,20194,2771,tablet,view_item,1,2026-06-03 13:03:05,2026-06-03 13:03:05.923970
231,5e496f0a-f3cf-4296-834c-580ee6f1475f,165e69e0-7cfb-4dbc-9952-f2c42d665d6d,52218,3712,mobile,view_item,1,2026-06-03 13:03:05,2026-06-03 13:03:05.415982
230,ef9fffa8-184c-48b4-b6ce-50160d217a5a,27b9b506-05e2-4d27-a887-d97b78add983,26507,6371,desktop,add_to_cart,1,2026-06-03 13:03:04,2026-06-03 13:03:04.913876
229,0868a9f2-a8b0-439a-90bd-e6389b8e2b3a,44fca982-0579-44ff-96b5-d379582be356,85574,9221,desktop,view_item,1,2026-06-03 13:03:04,2026-06-03 13:03:04.415781
228,9e42ae6d-e9fb-4e18-81de-88f242760076,ed880cf5-6ae8-4414-8f16-a5c3801b9c0c,59945,1031,mobile,add_to_cart,2,2026-06-03 13:03:03,2026-06-03 13:03:03.911448
227,dad64a2d-359d-4630-ac85-f4a150d37fc1,aef08e0d-9731-45d5-a417-fea8912d4e35,86056,9702,tablet,view_item,1,2026-06-03 13:03:03,2026-06-03 13:03:03.414353
226,7bf1be8b-64ee-4869-9dcf-8921e5b7468f,714e6b7d-896c-44ae-87d8-cc8bffeaa0a4,26860,1274,tablet,purchase,2,2026-06-03 13:03:02,2026-06-03 13:03:02.908557
225,49b6567e-7e06-4c66-ae91-4edd1ac5096a,27b9b506-05e2-4d27-a887-d97b78add983,26507,6371,desktop,view_item,1,2026-06-03 13:03:02,2026-06-03 13:03:02.414299
224,9391d9f3-79b9-452b-be17-1522e00e0248,fcbbe6b7-85e6-4ab7-8827-5495e440bf27,32954,7811,mobile,add_to_cart,2,2026-06-03 13:03:01,2026-06-03 13:03:01.908568
223,3b2069a2-4b36-495f-84a4-9e2a188d3b2c,9cd1d8a7-a6ab-4440-8a7d-f83027287632,64852,5234,mobile,add_to_cart,2,2026-06-03 13:03:01,2026-06-03 13:03:01.407765
222,b1568b0a-315f-4e0f-a69e-a8127572ddc1,14ab543c-efea-4114-a06d-8ff289ee0513,10248,4281,desktop,view_item,1,2026-06-03 13:03:00,2026-06-03 13:03:00.909548
221,67439232-4434-491b-a109-d445d983b2b1,3ffd0ea3-1d7f-4877-a747-58c7e56c3ab0,77578,4379,desktop,add_to_cart,2,2026-06-03 13:03:00,2026-06-03 13:03:00.404852
220,270cf59e-66f3-458b-901c-9a636002e8fd,2c84b8c7-9893-4dde-b859-2f61da0e270e,38365,3223,mobile,view_item,1,2026-06-03 13:02:59,2026-06-03 13:02:59.908826
219,72ab9790-906d-4fa5-8b0e-9f36665d5449,9cd1d8a7-a6ab-4440-8a7d-f83027287632,64852,5234,mobile,view_item,1,2026-06-03 13:02:59,2026-06-03 13:02:59.406089
218,1f56457a-f93e-49a7-b8ad-2cdeeb803147,0899c9f8-ed10-4557-9a22-0b185199b2c2,64428,2280,tablet,view_item,1,2026-06-03 13:02:58,2026-06-03 13:02:58.908176
217,cf81a46c-b66b-4486-b558-aac9cf226fd7,fcbbe6b7-85e6-4ab7-8827-5495e440bf27,32954,7811,mobile,view_item,1,2026-06-03 13:02:58,2026-06-03 13:02:58.407347
216,2a476557-3e8d-4b45-9d0e-8b8a41e870af,3ffd0ea3-1d7f-4877-a747-58c7e56c3ab0,77578,4379,desktop,view_item,1,2026-06-03 13:02:57,2026-06-03 13:02:57.903726
215,19e38f83-af17-4459-a30b-b4c7a6e73ac7,cde43ca4-37ca-4404-8e6e-217ce80f7926,40232,3892,tablet,view_item,1,2026-06-03 13:02:57,2026-06-03 13:02:57.399979
214,a0c7b3dd-c40a-4b73-b436-14994f4039da,ed880cf5-6ae8-4414-8f16-a5c3801b9c0c,59945,1031,mobile,view_item,1,2026-06-03 13:02:56,2026-06-03 13:02:56.898642
213,e4e5a3d5-219f-45a0-bf93-63f86334329b,714e6b7d-896c-44ae-87d8-cc8bffeaa0a4,26860,1274,tablet,add_to_cart,2,2026-06-03 13:02:56,2026-06-03 13:02:56.393260
212,8b72ee67-17b5-40d5-93f9-ef05b2d4955e,714e6b7d-896c-44ae-87d8-cc8bffeaa0a4,26860,1274,tablet,view_item,1,2026-06-03 13:02:55,2026-06-03 13:02:55.896485
211,adbbe45f-94db-4b35-ad22-cdce90c22cec,ff9cdefe-ab3a-422c-85fd-10b996c82b0d,72002,2821,mobile,add_to_cart,3,2026-06-03 13:02:55,2026-06-03 13:02:55.391296
210,a7a3a10b-e6e0-4fbd-af8f-612c8a0620ba,ff9cdefe-ab3a-422c-85fd-10b996c82b0d,72002,2821,mobile,view_item,1,2026-06-03 13:02:54,2026-06-03 13:02:54.896202
209,d3695dd5-f4b5-46da-afeb-880e004dbcd4,bc308186-2899-4537-9009-ab3c97526137,30205,6046,desktop,purchase,1,2026-06-03 13:02:54,2026-06-03 13:02:54.390051
208,a47a9fea-5362-4e25-940f-4afd9abd83aa,bc308186-2899-4537-9009-ab3c97526137,30205,6046,desktop,add_to_cart,1,2026-06-03 13:02:53,2026-06-03 13:02:53.886745
207,a951c04f-232b-4d18-a15c-1ed5ad26a1d8,622b5b9d-1d88-4546-b851-62a2b2a02416,61291,7294,mobile,view_item,1,2026-06-03 13:02:53,2026-06-03 13:02:53.395065
206,c66f0459-2853-4a0b-bd6f-21d4d6f2e28e,ebf12050-f6b7-4806-a604-32d44593d2e2,94763,7704,tablet,add_to_cart,3,2026-06-03 13:02:52,2026-06-03 13:02:52.885094
205,5d525ce0-b06b-4281-bf79-85d168a1c159,fc92e7a6-5fd7-4a92-9f8f-fc38db9ac2a6,41456,9698,desktop,purchase,1,2026-06-03 13:02:52,2026-06-03 13:02:52.384272
204,fe7dbaab-8a03-4f77-b2ce-fcab7f8ce9b0,a0519040-81a3-4ded-a44a-8fdae909aa2d,36234,4014,mobile,add_to_cart,1,2026-06-03 13:02:51,2026-06-03 13:02:51.883092
203,1300ba56-6335-48b8-acd8-495fc5fb40b2,5780cc84-a658-44ad-87fa-929f30b68dfb,81571,6734,mobile,view_item,1,2026-06-03 13:02:51,2026-06-03 13:02:51.386366
202,a79437f9-c85d-463e-8afc-c4b47507dfc0,bc308186-2899-4537-9009-ab3c97526137,30205,6046,desktop,view_item,1,2026-06-03 13:02:50,2026-06-03 13:02:50.885775
201,edd3a12a-cb66-4e87-9957-670260ce140a,2042b05f-4056-4418-8d28-cbffd101475a,18261,1029,tablet,view_item,1,2026-06-03 13:02:50,2026-06-03 13:02:50.384756
200,59c6002e-b800-4085-8574-a1037316ad58,ebf12050-f6b7-4806-a604-32d44593d2e2,94763,7704,tablet,view_item,1,2026-06-03 13:02:49,2026-06-03 13:02:49.879430
199,9de0ab97-15ca-4853-9069-3f5ce530272d,d25a44be-8eaf-45d4-8e57-247ca93cda66,99483,1199,tablet,view_item,1,2026-06-03 13:02:49,2026-06-03 13:02:49.381080
198,570a5d53-ae57-4ad3-9775-a1d4391d07ad,fc92e7a6-5fd7-4a92-9f8f-fc38db9ac2a6,41456,9698,desktop,add_to_cart,1,2026-06-03 13:02:48,2026-06-03 13:02:48.875474
197,bc45616b-596b-4f66-8c93-d0b20ba9f516,fc92e7a6-5fd7-4a92-9f8f-fc38db9ac2a6,41456,9698,desktop,view_item,1,2026-06-03 13:02:48,2026-06-03 13:02:48.382328
196,10a23774-9bd1-49ef-8b2c-454cdfbf212c,a0519040-81a3-4ded-a44a-8fdae909aa2d,36234,4014,mobile,view_item,1,2026-06-03 13:02:47,2026-06-03 13:02:47.878600
195,53f51fca-2f66-4a7c-8f3a-913d7ed90631,20f7f160-123b-4dd4-98f5-67eff05eec71,55687,1797,tablet,view_item,1,2026-06-03 13:02:47,2026-06-03 13:02:47.375873
194,c94b5502-6189-4ce5-a2db-722766ca9e38,feba6ea7-827e-48fd-8cd7-3b5ef9f25e35,80385,6974,desktop,view_item,1,2026-06-03 13:02:46,2026-06-03 13:02:46.869311
193,c74a63d5-6570-4652-944b-efb3d6789b8d,81b8d2e3-805e-4559-b5b9-4abbfffca5b2,61405,3482,mobile,purchase,2,2026-06-03 13:02:46,2026-06-03 13:02:46.366845
192,11591a3c-70c3-41d9-b2f7-0368d60696cb,81b8d2e3-805e-4559-b5b9-4abbfffca5b2,61405,3482,mobile,add_to_cart,2,2026-06-03 13:02:45,2026-06-03 13:02:45.867565
191,6d3c04eb-77bd-4bb5-95c7-73f6970151dc,1af7e4d3-6856-4a44-b5e6-e97230ace483,68507,9271,desktop,add_to_cart,1,2026-06-03 13:02:45,2026-06-03 13:02:45.366956
190,8d1e7651-fb6a-4282-8ff7-0daa0bb63f5f,d1e9c561-509d-480a-b9d8-d58496c56e81,35602,2836,tablet,view_item,1,2026-06-03 13:02:44,2026-06-03 13:02:44.868133
189,158d21b4-5425-4476-8fe7-5a054308471d,518e3273-6813-43dc-a86c-faa23ea8d1d1,71104,7662,tablet,add_to_cart,3,2026-06-03 13:02:44,2026-06-03 13:02:44.367027
188,578c8bca-477f-4295-8430-cd6b6276b2f8,7e6320aa-3e0b-4d7e-a1f0-fc44dbad5847,26720,3393,mobile,view_item,1,2026-06-03 13:02:43,2026-06-03 13:02:43.866473
187,a3b7deb6-413e-4492-9630-d98060598b78,4a424ad5-f805-4ade-9279-53aa580ccb63,87203,1602,tablet,purchase,3,2026-06-03 13:02:43,2026-06-03 13:02:43.362965
186,f696ffb1-9a59-404f-a317-8a2240a978a9,c6544ea8-f638-4143-905c-a174bccde914,41659,4342,mobile,view_item,1,2026-06-03 13:02:42,2026-06-03 13:02:42.864448
185,4af43820-74f9-439d-a02d-1ac0b4f3b54d,0bbdb42f-1e1d-4866-bfb3-b82cee235bc6,32770,2898,tablet,add_to_cart,2,2026-06-03 13:02:42,2026-06-03 13:02:42.362245
184,74de3959-9241-4c95-9c4e-7cc541bf1914,c9b99467-e37f-4f4b-ae7f-e98c71b64a67,90150,3034,desktop,purchase,3,2026-06-03 13:02:41,2026-06-03 13:02:41.861579
183,4b6e682c-c4ce-48a4-8a89-86a0734901ee,a3940211-12f8-483b-bb43-80b31b808392,45215,6948,tablet,view_item,1,2026-06-03 13:02:41,2026-06-03 13:02:41.367724
182,687a1629-3e00-4d29-abf2-b2fdafc11e42,d77676ef-4c4e-4d4f-a5c8-c493fdf3ac31,32516,4443,mobile,add_to_cart,3,2026-06-03 13:02:40,2026-06-03 13:02:40.858999
181,60af09b6-084b-4fb0-b15c-f954e6b6d0a6,2b7a670f-c70c-4e6a-9c19-622679bbc95f,58456,4798,mobile,add_to_cart,2,2026-06-03 13:02:40,2026-06-03 13:02:40.358639
180,1eaa6d25-3b7e-4655-875e-90065d45a33d,81b8d2e3-805e-4559-b5b9-4abbfffca5b2,61405,3482,mobile,view_item,1,2026-06-03 13:02:39,2026-06-03 13:02:39.861423
179,f5d2e219-63a2-400a-ad41-c7951b292d8b,d77676ef-4c4e-4d4f-a5c8-c493fdf3ac31,32516,4443,mobile,view_item,1,2026-06-03 13:02:39,2026-06-03 13:02:39.362352
178,d59d577d-f833-4894-a9d3-9c2de6fedfcf,e195684a-3a99-443a-a7b2-6a0ffe4792d8,11401,8519,desktop,view_item,1,2026-06-03 13:02:38,2026-06-03 13:02:38.859900
177,41c0cdb4-c902-4575-83aa-cad29d630f81,2b62ccb1-0adf-45b1-8227-626550879d21,45859,9932,desktop,purchase,1,2026-06-03 13:02:38,2026-06-03 13:02:38.354839
176,438c3a30-88f4-421e-a40a-24143fee4fbe,4a424ad5-f805-4ade-9279-53aa580ccb63,87203,1602,tablet,add_to_cart,3,2026-06-03 13:02:37,2026-06-03 13:02:37.853719
175,1ad149f4-d1b0-420d-b123-24a615db39d4,61318da4-1e7e-48ee-a4db-5c6352dc94ee,78969,8506,desktop,view_item,1,2026-06-03 13:02:37,2026-06-03 13:02:37.366761
174,14a7572d-9837-4730-b1bc-e210a24cfa68,62df1651-80e1-41ad-bae3-f0ef9dbdd436,69452,1672,tablet,view_item,1,2026-06-03 13:02:36,2026-06-03 13:02:36.854087
173,a75cfc35-ebdd-4ccd-a213-67ab92bc899e,2b62ccb1-0adf-45b1-8227-626550879d21,45859,9932,desktop,add_to_cart,1,2026-06-03 13:02:36,2026-06-03 13:02:36.353644
172,551724ec-eb8a-41f3-abf7-f353114706a6,5e706f1d-7d6d-4050-927e-ca7d1220b2af,21777,6438,mobile,view_item,1,2026-06-03 13:02:35,2026-06-03 13:02:35.855444
171,5d597baf-6d6c-46d8-b4ef-896670c0525d,cb55e0dc-0d42-4be8-a8a1-d0bd99cc7db5,67460,6970,mobile,view_item,1,2026-06-03 13:02:35,2026-06-03 13:02:35.359678
170,d26418ca-358e-46f7-b4af-a735cf6f8380,98155eea-f51e-4d97-b295-1c2d5bbb735f,11814,5869,tablet,purchase,2,2026-06-03 13:02:34,2026-06-03 13:02:34.847247
169,f36f990a-f153-4fee-971a-fa716d1bfd15,2b62ccb1-0adf-45b1-8227-626550879d21,45859,9932,desktop,view_item,1,2026-06-03 13:02:34,2026-06-03 13:02:34.349989
168,44696f2a-843c-4f45-9b93-e49e6c6342b9,0bbdb42f-1e1d-4866-bfb3-b82cee235bc6,32770,2898,tablet,view_item,1,2026-06-03 13:02:33,2026-06-03 13:02:33.853237
167,f1294126-e1fd-4e88-87c1-e15e3086e900,2b7a670f-c70c-4e6a-9c19-622679bbc95f,58456,4798,mobile,view_item,1,2026-06-03 13:02:33,2026-06-03 13:02:33.348779
166,34cd1955-c29f-41a0-99db-3c8ca01766d8,af7303d5-a6b7-498e-9fe9-db1da50afcde,24974,7766,desktop,add_to_cart,1,2026-06-03 13:02:32,2026-06-03 13:02:32.843306
165,c098d02c-2e64-446d-85e4-27d3a0ce9877,263b6366-101f-4ca1-9c87-2a5ee350b74a,94717,8261,tablet,view_item,1,2026-06-03 13:02:32,2026-06-03 13:02:32.343852
164,0d5421c5-00c6-4204-b7b8-23675d9eae08,b295b18b-6611-4a50-b989-3e9b842f9433,10492,7865,tablet,view_item,1,2026-06-03 13:02:31,2026-06-03 13:02:31.842701
163,d1f27815-b3f2-476c-8329-97aa5318e671,b8fba87d-694f-48a8-a32f-a2172c8ff50d,82285,4899,mobile,view_item,1,2026-06-03 13:02:31,2026-06-03 13:02:31.341760
162,c9d88d1c-2521-4eb9-a9ac-719ef6a55b8a,518e3273-6813-43dc-a86c-faa23ea8d1d1,71104,7662,tablet,view_item,1,2026-06-03 13:02:30,2026-06-03 13:02:30.840674
161,5f2305f6-2e86-4fd0-9c5b-5c49ee1bf363,4a424ad5-f805-4ade-9279-53aa580ccb63,87203,1602,tablet,view_item,1,2026-06-03 13:02:30,2026-06-03 13:02:30.339512
160,dc7071ef-7674-4a60-bf26-0814dd174d29,408324c4-0317-4c42-9521-18a14398aa88,66826,2268,desktop,view_item,1,2026-06-03 13:02:29,2026-06-03 13:02:29.838794
159,12a03132-f941-47e6-bc16-71fcbe8bdfc4,6232aa33-609c-44d2-803d-3c4d3c7d30cf,72566,3757,desktop,purchase,3,2026-06-03 13:02:29,2026-06-03 13:02:29.335128
158,885e6c40-6a40-4a00-9b1f-67180f7abc07,15f2f8f5-abc5-416e-a2db-a8811288eba7,31229,8441,desktop,add_to_cart,3,2026-06-03 13:02:28,2026-06-03 13:02:28.834248
157,b54520a4-39a1-45bf-9cf3-c32b9f30bd41,a4f23664-9b4a-4c97-afb2-c5e08f2d6374,69405,1952,tablet,purchase,3,2026-06-03 13:02:28,2026-06-03 13:02:28.334535
156,4e3fdf18-38f2-44ec-bcdf-e66e2619db11,4dd28ad7-2cc8-4220-ab2b-b69dabf7e102,95769,9620,desktop,view_item,1,2026-06-03 13:02:27,2026-06-03 13:02:27.836432
155,454840c5-6d44-4328-a154-fb8e1d9fb5a0,a801d4a7-8a04-44a1-89a3-17fc3629b6ba,72521,1994,desktop,add_to_cart,3,2026-06-03 13:02:27,2026-06-03 13:02:27.333592
154,949b1d4c-ada8-4230-9238-3e8a013242f7,48c3299a-21ae-4c4d-8dfc-ec8c5026112a,30042,4722,tablet,view_item,1,2026-06-03 13:02:26,2026-06-03 13:02:26.836031
153,3b8ac7b6-d4e9-499d-8db8-6b1aad230868,98155eea-f51e-4d97-b295-1c2d5bbb735f,11814,5869,tablet,add_to_cart,2,2026-06-03 13:02:26,2026-06-03 13:02:26.332402
152,586d10f7-47c7-4bb4-99e3-7643870d9617,1af7e4d3-6856-4a44-b5e6-e97230ace483,68507,9271,desktop,view_item,1,2026-06-03 13:02:25,2026-06-03 13:02:25.838588
151,0afeb36f-1f15-4d2f-a59f-d39c0ab14312,a801d4a7-8a04-44a1-89a3-17fc3629b6ba,72521,1994,desktop,view_item,1,2026-06-03 13:02:25,2026-06-03 13:02:25.336046
150,17123c20-1c64-4788-8fc9-91d8edf8bfd3,c9b99467-e37f-4f4b-ae7f-e98c71b64a67,90150,3034,desktop,add_to_cart,3,2026-06-03 13:02:24,2026-06-03 13:02:24.828504
149,1ec3031a-b8f0-403d-9cba-0a70b582df3f,af7303d5-a6b7-498e-9fe9-db1da50afcde,24974,7766,desktop,view_item,1,2026-06-03 13:02:24,2026-06-03 13:02:24.331250
148,dcef29a3-7ec1-4215-8b6b-ebbe9ed61a5c,428144ff-e6ec-4377-be52-7f2b598a8485,64966,9542,tablet,view_item,1,2026-06-03 13:02:23,2026-06-03 13:02:23.832732
147,f19fc13f-4e72-4086-a508-21f07ffa92c0,c9b99467-e37f-4f4b-ae7f-e98c71b64a67,90150,3034,desktop,view_item,1,2026-06-03 13:02:23,2026-06-03 13:02:23.336263
146,91657c8a-96e6-46b3-b0da-1350c6ea2dec,15f2f8f5-abc5-416e-a2db-a8811288eba7,31229,8441,desktop,view_item,1,2026-06-03 13:02:22,2026-06-03 13:02:22.824489
145,cbbaac6d-75c7-4780-9017-5aebb3f0138f,d08672bf-d177-4170-a649-3e846014bceb,64622,2320,mobile,add_to_cart,1,2026-06-03 13:02:22,2026-06-03 13:02:22.322611
144,a68cc378-07ac-486a-be24-a38904522832,90d299aa-230e-4edd-96c6-3ff4972dbbf6,17178,2639,desktop,view_item,1,2026-06-03 13:02:21,2026-06-03 13:02:21.824869
143,24812a3e-9669-4f54-bb38-a0cec597c2a5,081e8612-0fa1-4083-beca-cf6bbae303d4,70572,2097,mobile,view_item,1,2026-06-03 13:02:21,2026-06-03 13:02:21.324704
142,d2be9fe7-2ee5-48dc-bc20-74e510e3ce24,a4f23664-9b4a-4c97-afb2-c5e08f2d6374,69405,1952,tablet,add_to_cart,3,2026-06-03 13:02:20,2026-06-03 13:02:20.821510
141,193d8d28-d7b4-4635-b01e-c8dcd389cc33,98155eea-f51e-4d97-b295-1c2d5bbb735f,11814,5869,tablet,view_item,1,2026-06-03 13:02:20,2026-06-03 13:02:20.326513
140,19753804-d4f9-48f2-b155-028239ad93a8,6232aa33-609c-44d2-803d-3c4d3c7d30cf,72566,3757,desktop,add_to_cart,3,2026-06-03 13:02:19,2026-06-03 13:02:19.821055
139,fbec85df-8ee8-4213-babb-8646908ad3dc,7a0018b6-aa8a-4a82-a45b-dcac134fb370,30676,4572,mobile,view_item,1,2026-06-03 13:02:19,2026-06-03 13:02:19.322805
138,78ce0456-775c-4eee-85c3-500dedaed4f2,8fa76427-710e-40d1-94f6-cd7b149f214c,42709,5127,desktop,add_to_cart,1,2026-06-03 13:02:18,2026-06-03 13:02:18.817900
137,d47241ed-0ef4-43d8-b8d1-783c21facd82,e20f919c-7905-4bd8-9dae-1ffee6832a44,37442,7168,tablet,add_to_cart,3,2026-06-03 13:02:18,2026-06-03 13:02:18.316536
136,e96df3f0-989b-4083-921b-878a931a15a5,6232aa33-609c-44d2-803d-3c4d3c7d30cf,72566,3757,desktop,view_item,1,2026-06-03 13:02:17,2026-06-03 13:02:17.822634
135,2e06f5d9-7b84-4036-8ce8-03b14d56663d,37a32f6b-cefb-478e-aa4f-da1fbacfd125,96067,3075,desktop,view_item,1,2026-06-03 13:02:17,2026-06-03 13:02:17.317921
134,e0bb702e-efe6-4172-90ca-dab86f613a60,d7d24d6a-c496-4e22-a5e1-f29fc705c9f8,81803,6209,tablet,view_item,1,2026-06-03 13:02:16,2026-06-03 13:02:16.815363
133,7e0705d5-b086-49d4-ba4f-3aeb642aeded,a4f23664-9b4a-4c97-afb2-c5e08f2d6374,69405,1952,tablet,view_item,1,2026-06-03 13:02:16,2026-06-03 13:02:16.323308
132,a2b8fcd9-d65b-4259-ba36-3120f5b981d5,8fa76427-710e-40d1-94f6-cd7b149f214c,42709,5127,desktop,view_item,1,2026-06-03 13:02:15,2026-06-03 13:02:15.813486
131,e468001f-34ba-457b-bdfd-2d36ca515baf,a6925b2a-e608-4977-b37e-6fc74eb776bb,75805,5001,desktop,view_item,1,2026-06-03 13:02:15,2026-06-03 13:02:15.322210
130,84b13db1-8c4d-4565-b383-25728fb1b23f,e20f919c-7905-4bd8-9dae-1ffee6832a44,37442,7168,tablet,view_item,1,2026-06-03 13:02:14,2026-06-03 13:02:14.815345
129,0a0acde4-4774-4236-8a0f-a3457d06fc5b,d08672bf-d177-4170-a649-3e846014bceb,64622,2320,mobile,view_item,1,2026-06-03 13:02:14,2026-06-03 13:02:14.310359
128,9e1c9bd6-508a-4ce9-af18-ec3e54849f95,bc9e28de-6a5f-4965-b1de-3e94575b17f4,19950,4687,desktop,add_to_cart,2,2026-06-03 13:02:13,2026-06-03 13:02:13.813072
127,896fdb87-5580-4a22-adbb-bc87ad4ebf70,a9aa3a80-cb78-4554-8cb9-64af99c5ca7d,63947,1140,desktop,view_item,1,2026-06-03 13:02:13,2026-06-03 13:02:13.326674
126,7f6c6ccf-c947-40c7-83bf-283cf72983d2,e17db0b2-fd41-4311-8e3c-6ba9628596a0,67418,8723,tablet,add_to_cart,2,2026-06-03 13:02:12,2026-06-03 13:02:12.805784
125,319fb4b5-dffb-42ee-9ee1-6c8949ece174,e17db0b2-fd41-4311-8e3c-6ba9628596a0,67418,8723,tablet,view_item,1,2026-06-03 13:02:12,2026-06-03 13:02:12.307619
124,03e65731-43e0-49fd-982f-b8dead9388b8,61a20c2c-d9df-4c40-bb06-c05882a6fb11,38024,4728,tablet,view_item,1,2026-06-03 13:02:11,2026-06-03 13:02:11.805886
123,4f869d49-fa6a-480e-b622-346179b810f3,bc9e28de-6a5f-4965-b1de-3e94575b17f4,19950,4687,desktop,view_item,1,2026-06-03 13:02:11,2026-06-03 13:02:11.305972
122,16f23426-6a30-438e-ad19-2dc6fc42bad7,78046e41-017e-4029-add2-1405647af0c7,18426,3531,desktop,purchase,2,2026-06-03 13:02:10,2026-06-03 13:02:10.806568
121,1277cb3f-d28e-4abd-854c-996f7dce7546,d3af7704-b379-4efc-87ba-ae80f41b1de0,91007,9318,desktop,purchase,3,2026-06-03 13:02:10,2026-06-03 13:02:10.302560
120,fa50aff7-0f0c-4934-aefd-6fd2c3eab18a,9e0363ec-4166-4403-b581-2b7191438132,84573,2192,desktop,add_to_cart,1,2026-06-03 13:02:09,2026-06-03 13:02:09.801421
119,f1bc59b2-467c-476d-9317-d449a424e8f9,233cc394-a3dd-4811-9479-e0bf77dabe0b,63173,7635,desktop,view_item,1,2026-06-03 13:02:09,2026-06-03 13:02:09.303294
118,92940b68-df3e-41ac-8769-5ea987df4d05,41487da3-9855-4e03-b5da-dadfaefc5c19,55087,8997,desktop,purchase,3,2026-06-03 13:02:08,2026-06-03 13:02:08.800251
117,88412935-398b-4bdf-b250-8aeb1c8a6194,8e9e239a-2bb4-43f8-9c35-a91e78e019a1,37300,8389,mobile,purchase,3,2026-06-03 13:02:08,2026-06-03 13:02:08.298899
116,9f3a01ec-be99-4e1a-8bb8-ffce8a103d15,bc3df141-7437-428b-bd5f-179d913d7f6b,53289,1231,mobile,view_item,1,2026-06-03 13:02:07,2026-06-03 13:02:07.804034
115,3507a155-615b-4613-b1a3-97ebcf6bc824,8e9e239a-2bb4-43f8-9c35-a91e78e019a1,37300,8389,mobile,add_to_cart,3,2026-06-03 13:02:07,2026-06-03 13:02:07.297580
114,025f1636-3659-4bc3-9d06-706c16cd1a39,9e0363ec-4166-4403-b581-2b7191438132,84573,2192,desktop,view_item,1,2026-06-03 13:02:06,2026-06-03 13:02:06.799763
113,50c6340d-cfe5-42f0-9d2e-f5c574ed7a7c,d3af7704-b379-4efc-87ba-ae80f41b1de0,91007,9318,desktop,add_to_cart,3,2026-06-03 13:02:06,2026-06-03 13:02:06.296265
112,c1903f06-f449-4b54-b6e1-616f1bcdc229,dcaa7c3b-47dc-47f7-9fae-27c7be49a9ae,63219,1632,mobile,view_item,1,2026-06-03 13:02:05,2026-06-03 13:02:05.803948
111,6df4c607-9430-406c-a3fa-3b5056395843,01974a0c-6218-4cab-a191-601af06c3bcf,31327,2962,desktop,add_to_cart,1,2026-06-03 13:02:05,2026-06-03 13:02:05.298862
110,d91c4502-32ec-4b6d-9074-ad867cfca42a,d3af7704-b379-4efc-87ba-ae80f41b1de0,91007,9318,desktop,view_item,1,2026-06-03 13:02:04,2026-06-03 13:02:04.800552
109,96da8ae9-805d-406d-9a9a-7ddff206c21f,020703d6-605e-4b72-995e-5c3417eb39cd,37599,7612,mobile,add_to_cart,3,2026-06-03 13:02:04,2026-06-03 13:02:04.292922
108,9a064253-4750-4cab-9686-b66d47b84603,020703d6-605e-4b72-995e-5c3417eb39cd,37599,7612,mobile,view_item,1,2026-06-03 13:02:03,2026-06-03 13:02:03.793915
107,197f64e8-133c-4743-bd31-85811ca2df2b,831283b2-2140-4b52-a686-7f441651ffbc,29268,8087,desktop,add_to_cart,2,2026-06-03 13:02:03,2026-06-03 13:02:03.290825
106,44ca7f9a-3592-4ac3-9b0a-3ee40a4f251b,01974a0c-6218-4cab-a191-601af06c3bcf,31327,2962,desktop,view_item,1,2026-06-03 13:02:02,2026-06-03 13:02:02.798750
105,a4a65207-e19a-448a-a3af-ffa61422d165,d9c71290-bc2a-4725-b9bf-f66ee51bda89,16039,5856,desktop,view_item,1,2026-06-03 13:02:02,2026-06-03 13:02:02.292281
104,3ba44eab-15ac-4905-ad0d-757e0a454db1,8e9e239a-2bb4-43f8-9c35-a91e78e019a1,37300,8389,mobile,view_item,1,2026-06-03 13:02:01,2026-06-03 13:02:01.790073
103,ccca5167-5fa2-4705-8003-b956ac5646ef,d2afcacf-b8bc-4534-9706-eaa22250e12b,46872,4839,desktop,view_item,1,2026-06-03 13:02:01,2026-06-03 13:02:01.289779
102,d85a0188-d066-4ff2-aee7-3535a3e9fba1,d12b12db-a6d2-428d-9035-37f2c571e401,44656,5055,mobile,purchase,1,2026-06-03 13:02:00,2026-06-03 13:02:00.793709
101,fb8e83e3-b5b3-4b48-a518-c1ccafdbbabd,01551262-951f-4e49-a220-60aeeb3cdb32,36708,3734,tablet,view_item,1,2026-06-03 13:02:00,2026-06-03 13:02:00.293240
100,6ed25a43-713e-4ec0-abf0-680d531dbc32,27dd3052-4c8a-4f6d-9a9a-d21e8f4f0bab,67190,2876,mobile,view_item,1,2026-06-03 13:01:59,2026-06-03 13:01:59.787933
99,442c17e4-3747-45c4-a54a-b91be3c55511,c04aab30-93b2-4cab-9b13-5a8a0ad47def,32366,4485,desktop,add_to_cart,2,2026-06-03 13:01:59,2026-06-03 13:01:59.285326
98,d3aa6e95-6a18-45c6-8146-e14eb8ca31d1,41487da3-9855-4e03-b5da-dadfaefc5c19,55087,8997,desktop,add_to_cart,3,2026-06-03 13:01:58,2026-06-03 13:01:58.784363
97,24d75a5a-16f6-4701-a68f-e4b49c5b8884,20f9df33-8710-4b48-911f-3447c4759389,18481,8744,tablet,view_item,1,2026-06-03 13:01:58,2026-06-03 13:01:58.291156
96,7250fb60-02d4-40f5-9ab2-2992af982302,d12b12db-a6d2-428d-9035-37f2c571e401,44656,5055,mobile,add_to_cart,1,2026-06-03 13:01:57,2026-06-03 13:01:57.782360
95,73c0a776-54d3-4031-bfe3-28128831d4c5,9a5c50a2-872b-4913-87ac-1448b6411d51,36954,3099,tablet,view_item,1,2026-06-03 13:01:57,2026-06-03 13:01:57.291119
94,b3acaa7d-09ae-47b8-96e6-dbf83f206c9e,624c7e14-6c2e-4ade-b180-917156246034,77289,2904,mobile,view_item,1,2026-06-03 13:01:56,2026-06-03 13:01:56.784785
93,53649013-4187-4319-8b0e-827c3591d073,d12b12db-a6d2-428d-9035-37f2c571e401,44656,5055,mobile,view_item,1,2026-06-03 13:01:56,2026-06-03 13:01:56.284773
92,e612f083-9deb-4883-b15d-9441480aaf2c,f37210b5-35bb-4af5-af39-941bb72c1b35,42045,3408,tablet,purchase,2,2026-06-03 13:01:55,2026-06-03 13:01:55.784327
91,d7b26913-41f9-4121-b5b0-5e921a80cd39,c04aab30-93b2-4cab-9b13-5a8a0ad47def,32366,4485,desktop,view_item,1,2026-06-03 13:01:55,2026-06-03 13:01:55.286327
90,a67f4f2a-65e2-497f-9ead-ad6ed428856f,1ff31cd7-cdab-4d83-ac8e-3ba044e25cd7,66019,8898,tablet,add_to_cart,3,2026-06-03 13:01:54,2026-06-03 13:01:54.778018
89,1adfbc31-88e1-4101-83d1-6c1667c9a111,78046e41-017e-4029-add2-1405647af0c7,18426,3531,desktop,add_to_cart,2,2026-06-03 13:01:54,2026-06-03 13:01:54.276279
88,24b54b16-ec10-49ec-9e26-205dbb4b18e7,831283b2-2140-4b52-a686-7f441651ffbc,29268,8087,desktop,view_item,1,2026-06-03 13:01:53,2026-06-03 13:01:53.782886
87,3677798d-af9c-44c3-80e5-1a8df9627b37,bc9b5b12-92fd-429b-adc1-9acd4cf1cd10,99004,4921,desktop,add_to_cart,2,2026-06-03 13:01:53,2026-06-03 13:01:53.276510
86,75c9ea7f-b8bf-498d-bbd2-2d0937963824,e3313fb0-d176-46f5-94b8-3edfb9b61ff5,14060,8610,mobile,view_item,1,2026-06-03 13:01:52,2026-06-03 13:01:52.776595
85,1a471b82-23d4-4594-8796-d4cc929be893,6cee976d-99da-4db3-9f97-08db64db0ebf,96621,6855,mobile,purchase,3,2026-06-03 13:01:52,2026-06-03 13:01:52.275656
84,f1140546-28c1-4ba1-ab4f-b929c2f8094f,d80fcc8b-f521-4d3e-9e0e-e4ba64a04154,20001,5428,mobile,view_item,1,2026-06-03 13:01:51,2026-06-03 13:01:51.774398
83,d77fdbae-42c1-4253-bac5-eca384895fb1,41487da3-9855-4e03-b5da-dadfaefc5c19,55087,8997,desktop,view_item,1,2026-06-03 13:01:51,2026-06-03 13:01:51.274735
82,6dfc3f26-0ca9-44d1-9044-00a5983dd17a,6088b833-c232-4948-b059-0772f58c2c12,80486,1296,mobile,add_to_cart,1,2026-06-03 13:01:50,2026-06-03 13:01:50.771885
81,deebac4d-2887-44bf-a8d6-38cbed05afb5,6cee976d-99da-4db3-9f97-08db64db0ebf,96621,6855,mobile,add_to_cart,3,2026-06-03 13:01:50,2026-06-03 13:01:50.272536
80,f55d39d6-978f-4229-aa8a-c3c356c0ae86,bf054ead-b9ed-4fbd-a3b8-a3baefd5b71a,80239,7473,tablet,purchase,1,2026-06-03 13:01:49,2026-06-03 13:01:49.770648
79,ee18c8a6-2e85-49e7-8248-494702c8e3a2,00940daf-40a8-442f-960d-af0def7f31ce,12202,5579,desktop,add_to_cart,2,2026-06-03 13:01:49,2026-06-03 13:01:49.268867
78,3d6caf02-663f-441b-9ef1-695e9ab98a5d,76e078f9-20c3-4dda-a252-b91137dfd534,46478,8820,tablet,view_item,1,2026-06-03 13:01:48,2026-06-03 13:01:48.777007
77,befadb2e-9927-470d-93a8-e0cc4097d545,ad68618f-1757-4a43-b810-9a6d08e1c425,20302,1369,mobile,view_item,1,2026-06-03 13:01:48,2026-06-03 13:01:48.275771
76,e2d13803-a495-480e-ba8d-c21d7168dce6,c029ce27-276a-460c-8ad8-1c613d42bd45,13811,6013,tablet,view_item,1,2026-06-03 13:01:47,2026-06-03 13:01:47.773923
75,dd43722a-d5fc-4b9f-82dd-111e3de101f5,1ff31cd7-cdab-4d83-ac8e-3ba044e25cd7,66019,8898,tablet,view_item,1,2026-06-03 13:01:47,2026-06-03 13:01:47.267307
74,fa219d0d-b1dd-4ac4-8932-2ad9378672bc,6088b833-c232-4948-b059-0772f58c2c12,80486,1296,mobile,view_item,1,2026-06-03 13:01:46,2026-06-03 13:01:46.789154
73,76502946-c2b9-4a64-af39-928526a69fca,54b665d9-f172-413d-acfe-14c717d41f68,17135,2282,desktop,purchase,3,2026-06-03 13:01:46,2026-06-03 13:01:46.260579
72,bb309565-f0d8-47bc-b4ec-7252d4ffd9b1,87d2273f-aca4-4d88-b291-a9125ee1193f,52762,9384,desktop,add_to_cart,2,2026-06-03 13:01:45,2026-06-03 13:01:45.759867
71,1ebef67d-c044-4799-a5d5-29ced8565a50,87d2273f-aca4-4d88-b291-a9125ee1193f,52762,9384,desktop,view_item,1,2026-06-03 13:01:45,2026-06-03 13:01:45.270081
70,f961698a-0027-44d1-8696-9705d5d8132a,f28fa7fc-3052-4c7d-84d8-bdea87fa249c,61757,2118,tablet,view_item,1,2026-06-03 13:01:44,2026-06-03 13:01:44.760822
69,3141d3b5-e04f-4851-a9b1-44a95260d914,e60c9ee6-a58d-4953-9482-e2ea396f60cc,55694,8995,mobile,view_item,1,2026-06-03 13:01:44,2026-06-03 13:01:44.260883
68,2d87d851-e012-4be8-83a9-930e9badfb92,f37210b5-35bb-4af5-af39-941bb72c1b35,42045,3408,tablet,add_to_cart,2,2026-06-03 13:01:43,2026-06-03 13:01:43.758333
67,ccd6d738-5020-43f3-a7f7-20e1ffa84bfc,e83f62a8-b435-4b16-9c59-6af2af7f892e,31831,8284,desktop,purchase,3,2026-06-03 13:01:43,2026-06-03 13:01:43.257782
66,8cdb6243-aaef-44b3-80dc-2777963c220d,78046e41-017e-4029-add2-1405647af0c7,18426,3531,desktop,view_item,1,2026-06-03 13:01:42,2026-06-03 13:01:42.760316
65,0f7db8f2-ec6a-4ee6-9e86-b4dd5071fdd3,bc9b5b12-92fd-429b-adc1-9acd4cf1cd10,99004,4921,desktop,view_item,1,2026-06-03 13:01:42,2026-06-03 13:01:42.259346
64,31b4094c-d0db-47c2-854f-cd3fbdf83351,89c24941-472d-4699-a86d-f0e0887a2759,73404,7016,tablet,view_item,1,2026-06-03 13:01:41,2026-06-03 13:01:41.758798
63,56c9bf91-c7dc-4688-b0d0-106ca90f7b64,e06db63f-b67d-4af5-b0df-24c1303d6cf6,65446,8825,tablet,view_item,1,2026-06-03 13:01:41,2026-06-03 13:01:41.262397
62,01b28a9a-eaf7-4f08-923d-bbf01ec0a392,54b665d9-f172-413d-acfe-14c717d41f68,17135,2282,desktop,add_to_cart,3,2026-06-03 13:01:40,2026-06-03 13:01:40.754440
61,ebc82bc5-a0c9-4fdf-be39-b0658d85f655,53cfcd33-aed4-43cd-bacd-ee327d81f87f,20980,5633,desktop,add_to_cart,2,2026-06-03 13:01:40,2026-06-03 13:01:40.253173
60,b3fb76eb-eea9-4ac5-8f87-2cc3195e9b95,8dddd1fe-868a-4c45-8d71-27bf56ecb549,18872,9955,desktop,purchase,3,2026-06-03 13:01:39,2026-06-03 13:01:39.754250
59,1ae7b505-b51a-4d69-83e7-da443f5c1dc4,53cfcd33-aed4-43cd-bacd-ee327d81f87f,20980,5633,desktop,view_item,1,2026-06-03 13:01:39,2026-06-03 13:01:39.254762
58,d1348a14-4687-4c93-9d87-c50ec7f8f00e,bf054ead-b9ed-4fbd-a3b8-a3baefd5b71a,80239,7473,tablet,add_to_cart,1,2026-06-03 13:01:38,2026-06-03 13:01:38.752032
57,d99521ee-ce92-4b8f-8c3d-ea09a1ab71a2,2b0563c8-b514-4593-9ec7-bb33600070fd,23742,9768,tablet,purchase,3,2026-06-03 13:01:38,2026-06-03 13:01:38.251869
56,88f43078-a9a5-4147-873e-e070bbcf0525,00940daf-40a8-442f-960d-af0def7f31ce,12202,5579,desktop,view_item,1,2026-06-03 13:01:37,2026-06-03 13:01:37.752167
55,696e1b62-5e55-4c6b-ae5f-fbe980a78cf6,a1d8f8f6-f6ee-4e50-8aa3-efa8edba2a4b,46249,5215,mobile,add_to_cart,3,2026-06-03 13:01:37,2026-06-03 13:01:37.249453
54,5b41d547-004b-42b9-92a6-05b831eb838f,08207f31-3419-4fc3-8a2a-02e5be688cc1,81558,7632,desktop,purchase,2,2026-06-03 13:01:36,2026-06-03 13:01:36.750709
53,622e5803-11b0-4afa-925f-ad5eae5f9d30,a1d8f8f6-f6ee-4e50-8aa3-efa8edba2a4b,46249,5215,mobile,view_item,1,2026-06-03 13:01:36,2026-06-03 13:01:36.252424
52,858df1a8-0716-4e4a-b840-304be411f338,6cee976d-99da-4db3-9f97-08db64db0ebf,96621,6855,mobile,view_item,1,2026-06-03 13:01:35,2026-06-03 13:01:35.753728
51,b9766ade-09c7-4203-95a0-75d3628cd3be,2b0563c8-b514-4593-9ec7-bb33600070fd,23742,9768,tablet,add_to_cart,3,2026-06-03 13:01:35,2026-06-03 13:01:35.247350
50,398e3ddf-5145-498c-8cac-3832599ca7be,ffbc0ca4-6c7d-4680-81c4-4f97f6bf62d7,27744,7722,tablet,view_item,1,2026-06-03 13:01:34,2026-06-03 13:01:34.747790
49,4824eb8a-3a7d-4390-8e4a-8bb530f990c2,08207f31-3419-4fc3-8a2a-02e5be688cc1,81558,7632,desktop,add_to_cart,2,2026-06-03 13:01:34,2026-06-03 13:01:34.244942
48,f32a2854-5627-429d-bc80-016b72e97335,2b0563c8-b514-4593-9ec7-bb33600070fd,23742,9768,tablet,view_item,1,2026-06-03 13:01:33,2026-06-03 13:01:33.750644
47,fd9c52d7-cda5-4566-851a-3bcdb70eae48,f37210b5-35bb-4af5-af39-941bb72c1b35,42045,3408,tablet,view_item,1,2026-06-03 13:01:33,2026-06-03 13:01:33.249769
46,da8222a5-6f39-45ec-91ca-7c67eeb97c7a,8dddd1fe-868a-4c45-8d71-27bf56ecb549,18872,9955,desktop,add_to_cart,3,2026-06-03 13:01:32,2026-06-03 13:01:32.739798
45,0fa0f751-0e34-4a65-aa37-09e5732e25b9,a69f935c-2aac-4ce4-929d-ab371a28957c,39888,8682,desktop,add_to_cart,3,2026-06-03 13:01:32,2026-06-03 13:01:32.240289
44,1a3a5753-401a-484b-9e94-298107950801,7db67dce-43c2-43e5-81c1-395d4dac45a1,75615,5827,desktop,view_item,1,2026-06-03 13:01:31,2026-06-03 13:01:31.743838
43,b100829b-a7fe-49f4-9101-ad30da16c37f,a69f935c-2aac-4ce4-929d-ab371a28957c,39888,8682,desktop,view_item,1,2026-06-03 13:01:31,2026-06-03 13:01:31.244049
42,8162b730-ffff-418d-aa86-6dd8460519ce,d832bcaa-ad78-4184-9b33-3e2bda9babe7,49527,5672,mobile,view_item,1,2026-06-03 13:01:30,2026-06-03 13:01:30.739437
41,606306da-3dc5-4485-ba95-aa75280d0172,db1e369d-4558-438b-9228-5faf8fc25666,65335,5470,mobile,view_item,1,2026-06-03 13:01:30,2026-06-03 13:01:30.239772
40,1af6a269-06ed-4c77-8b5a-2af0563a9572,0a705904-9a22-4e86-8823-e3c06f1a64d6,64574,2701,desktop,add_to_cart,1,2026-06-03 13:01:29,2026-06-03 13:01:29.735755
39,e080fc7d-0d34-4c7e-a5ad-c839194fc979,8dddd1fe-868a-4c45-8d71-27bf56ecb549,18872,9955,desktop,view_item,1,2026-06-03 13:01:29,2026-06-03 13:01:29.240235
38,47c64f61-51cc-4140-b669-5f6a34e614b0,bf054ead-b9ed-4fbd-a3b8-a3baefd5b71a,80239,7473,tablet,view_item,1,2026-06-03 13:01:28,2026-06-03 13:01:28.739964
37,71bf408c-f9fe-4c77-881a-c09f25a57da5,54b665d9-f172-413d-acfe-14c717d41f68,17135,2282,desktop,view_item,1,2026-06-03 13:01:28,2026-06-03 13:01:28.234898
36,819c28ef-e7aa-47d4-8aef-62bc681e7761,e83f62a8-b435-4b16-9c59-6af2af7f892e,31831,8284,desktop,add_to_cart,3,2026-06-03 13:01:27,2026-06-03 13:01:27.730453
35,58225a29-8968-4e64-af77-d4829ff7f681,51bdb2ab-9148-44f3-a4ec-f739aff72be6,39980,4981,mobile,add_to_cart,2,2026-06-03 13:01:27,2026-06-03 13:01:27.231197
34,05585502-9a43-4138-8713-e8233f06aece,2f497075-3d40-4977-9c05-59437aef5a9a,12430,1551,mobile,purchase,2,2026-06-03 13:01:26,2026-06-03 13:01:26.730095
33,be707ed6-8fc2-48c5-b6d1-40d6024f51df,08207f31-3419-4fc3-8a2a-02e5be688cc1,81558,7632,desktop,view_item,1,2026-06-03 13:01:26,2026-06-03 13:01:26.233472
32,30b5f8a7-dd8c-4f2b-b3e2-b4235deeded1,2f497075-3d40-4977-9c05-59437aef5a9a,12430,1551,mobile,add_to_cart,2,2026-06-03 13:01:25,2026-06-03 13:01:25.729016
31,cd0cf782-44e8-4773-a8f3-7ef5c0dd2b57,6366df11-fdce-4b98-a1b5-83fa5a4f9456,24652,7652,desktop,view_item,1,2026-06-03 13:01:25,2026-06-03 13:01:25.235493
30,965a4147-291d-4a57-9b56-35861ef445ab,d85a3c28-eb67-4063-b6c7-c087e003b1d3,19726,4590,desktop,view_item,1,2026-06-03 13:01:24,2026-06-03 13:01:24.734075
29,63215313-9ddb-49a6-a48b-76319ffe5712,0a705904-9a22-4e86-8823-e3c06f1a64d6,64574,2701,desktop,view_item,1,2026-06-03 13:01:24,2026-06-03 13:01:24.229856
28,98efa620-bc3a-4f38-962c-5d3d05463997,4aca1fdd-21df-45e6-920f-9cd3621f6d50,44575,1586,desktop,view_item,1,2026-06-03 13:01:23,2026-06-03 13:01:23.727466
27,56a66ae6-ee26-4b07-a5e3-a49bde2b5601,16e2c0df-31d6-48d2-a77d-6f2dd41fcadb,47070,6965,tablet,view_item,1,2026-06-03 13:01:23,2026-06-03 13:01:23.226747
26,c7cb7b2f-e0e1-457b-b762-4696c618c49a,51bdb2ab-9148-44f3-a4ec-f739aff72be6,39980,4981,mobile,view_item,1,2026-06-03 13:01:22,2026-06-03 13:01:22.729181
25,8ccea0a0-150a-4e1b-9178-8ed76f134217,981c0d49-1576-49e2-aa25-9bd8efe50cd9,80871,9415,mobile,purchase,1,2026-06-03 13:01:22,2026-06-03 13:01:22.223466
24,c16afac1-50fb-4f8b-9d20-a1a72c93ce7b,2f497075-3d40-4977-9c05-59437aef5a9a,12430,1551,mobile,view_item,1,2026-06-03 13:01:21,2026-06-03 13:01:21.735988
23,7f4d0258-bbba-43fb-9807-389f9c4a619c,f39b75aa-c887-445a-b0c5-7efc292b31ea,29597,7686,mobile,add_to_cart,1,2026-06-03 13:01:21,2026-06-03 13:01:21.222874
22,fd9b99d2-a7f8-4098-9012-1988c2700a3f,6f0e2264-a308-4ead-afe2-5715b8ac5098,99719,2677,desktop,add_to_cart,2,2026-06-03 13:01:20,2026-06-03 13:01:20.721325
21,208c9c73-dd84-48cc-bc7d-ada4d4ffde61,f39b75aa-c887-445a-b0c5-7efc292b31ea,29597,7686,mobile,view_item,1,2026-06-03 13:01:20,2026-06-03 13:01:20.226907
20,9069a310-e420-4d44-9e41-2d951cbdc906,89a40042-ccbd-47a3-9c70-58f125ba1b05,29883,8192,mobile,add_to_cart,1,2026-06-03 13:01:19,2026-06-03 13:01:19.718958
19,c5886e79-f985-47c9-994e-7416ab0c33fc,89a40042-ccbd-47a3-9c70-58f125ba1b05,29883,8192,mobile,view_item,1,2026-06-03 13:01:19,2026-06-03 13:01:19.224595
18,6f7493f8-1a8c-4e89-bd8b-9076fff95bb0,e83f62a8-b435-4b16-9c59-6af2af7f892e,31831,8284,desktop,view_item,1,2026-06-03 13:01:18,2026-06-03 13:01:18.719964
17,50d85786-000d-49fe-828c-57602e1e742c,981c0d49-1576-49e2-aa25-9bd8efe50cd9,80871,9415,mobile,add_to_cart,1,2026-06-03 13:01:18,2026-06-03 13:01:18.216468
16,a69c3cf0-e782-440f-8cb1-902166e07a35,afc19b86-7a48-4b5a-9134-1bf0fb7908a0,88763,8921,mobile,view_item,1,2026-06-03 13:01:17,2026-06-03 13:01:17.723553
15,8534645a-6eaf-4329-8c5e-bd3610406daa,981c0d49-1576-49e2-aa25-9bd8efe50cd9,80871,9415,mobile,view_item,1,2026-06-03 13:01:17,2026-06-03 13:01:17.619359
14,c83cda53-1579-42f0-8146-b4b9e3893c3a,326ccb8b-b2e7-44e3-a5a2-1e0100423275,33456,3951,mobile,view_item,1,2026-06-03 13:01:16,2026-06-03 13:01:17.613982
13,efee9642-c24e-4f39-8a52-8a1f51dc742d,645e950a-6c32-4f10-9760-05a6d7d7e20c,42743,2297,desktop,view_item,1,2026-06-03 13:01:16,2026-06-03 13:01:17.609583
12,f569dd7e-a170-4e7f-8872-17bd94543050,6f0e2264-a308-4ead-afe2-5715b8ac5098,99719,2677,desktop,view_item,1,2026-06-03 13:01:15,2026-06-03 13:01:17.605486
11,9c3f49f0-6430-4d2a-a2af-0a927a826177,4562fc76-8e7a-48ca-b113-d71d1790cfb2,68658,2179,desktop,view_item,1,2026-06-03 13:01:15,2026-06-03 13:01:17.598367
10,169dfdd4-ba8f-4bd0-b533-7266442890ac,fe0424ca-fd02-4a33-bb70-1d1946fe286e,59558,3783,desktop,view_item,1,2026-06-03 13:01:14,2026-06-03 13:01:17.593112
9,a8f2ca86-1317-4567-ac19-31428b19133d,3c274487-f8fa-4b9b-a53a-08ab9498a746,86243,9727,tablet,add_to_cart,3,2026-06-03 13:01:14,2026-06-03 13:01:17.585453
8,50b83d0b-ae62-4c65-9209-ffd0d5b2fa96,969c5dae-9ce2-4c71-bb34-1d16da1ed029,20446,6113,desktop,add_to_cart,1,2026-06-03 13:01:13,2026-06-03 13:01:17.581831
7,53fdc3b3-600c-412e-837c-b6dfd62e62bf,5a519ddd-e1dd-427b-a2f3-dc052d3bb346,91008,4715,tablet,view_item,1,2026-06-03 13:01:13,2026-06-03 13:01:17.578696
6,5a0633a6-dbb2-4433-a10f-5ac41ba64e34,969c5dae-9ce2-4c71-bb34-1d16da1ed029,20446,6113,desktop,view_item,1,2026-06-03 13:01:12,2026-06-03 13:01:17.573678
5,d4ac5337-a02e-4c0a-8726-e7e3472adea5,5bead52d-fa93-4871-8c83-8d199a5c6e5f,16685,3386,mobile,view_item,1,2026-06-03 13:01:12,2026-06-03 13:01:17.567784
4,a75393fa-de91-47ea-b68c-21a0a9626488,3c274487-f8fa-4b9b-a53a-08ab9498a746,86243,9727,tablet,view_item,1,2026-06-03 13:01:11,2026-06-03 13:01:17.563109
3,7dbbf532-dc92-4498-872b-815c73e6632f,c7518bd9-bbda-4df1-88c1-149713aeb6f4,32889,1341,mobile,view_item,1,2026-06-03 13:01:11,2026-06-03 13:01:17.557550
2,65d40d64-0329-48e0-b9f2-e7d38558a79b,60b20644-d091-450e-b549-25ca4ce68ad2,44235,6891,desktop,add_to_cart,2,2026-06-03 13:01:10,2026-06-03 13:01:17.551876
1,2db01f8b-9d4e-438a-8df1-953c63894d28,60b20644-d091-450e-b549-25ca4ce68ad2,44235,6891,desktop,view_item,1,2026-06-03 13:01:10,2026-06-03 13:01:17.540187
